{
  "format": {
    "precision": 1.0,
    "recall": 1.0,
    "f1-score": 1.0,
    "support": 29,
    "confused_with": {}
  },
  "username": {
    "precision": 1.0,
    "recall": 1.0,
    "f1-score": 1.0,
    "support": 6,
    "confused_with": {}
  },
  "player_of_the_series": {
    "precision": 0.7894736842105263,
    "recall": 1.0,
    "f1-score": 0.8823529411764706,
    "support": 15,
    "confused_with": {}
  },
  "tournament_year": {
    "precision": 1.0,
    "recall": 1.0,
    "f1-score": 1.0,
    "support": 17,
    "confused_with": {}
  },
  "micro avg": {
    "precision": 0.9436619718309859,
    "recall": 1.0,
    "f1-score": 0.9710144927536231,
    "support": 67
  },
  "macro avg": {
    "precision": 0.9473684210526316,
    "recall": 1.0,
    "f1-score": 0.9705882352941176,
    "support": 67
  },
  "weighted avg": {
    "precision": 0.9528672427336999,
    "recall": 1.0,
    "f1-score": 0.9736611062335382,
    "support": 67
  },
  "accuracy": 0.9973082099596231
}